
<resources>
    <color name="seed">#802c6e</color>
    <color name="md_theme_light_primary">#943D80</color>
    <color name="md_theme_light_onPrimary">#FFFFFF</color>
    <color name="md_theme_light_primaryContainer">#FFD7EF</color>
    <color name="md_theme_light_onPrimaryContainer">#3A0031</color>
    <color name="md_theme_light_secondary">#6F5766</color>
    <color name="md_theme_light_onSecondary">#FFFFFF</color>
    <color name="md_theme_light_secondaryContainer">#FADAEC</color>
    <color name="md_theme_light_onSecondaryContainer">#281622</color>
    <color name="md_theme_light_tertiary">#815340</color>
    <color name="md_theme_light_onTertiary">#FFFFFF</color>
    <color name="md_theme_light_tertiaryContainer">#FFDBCD</color>
    <color name="md_theme_light_onTertiaryContainer">#321205</color>
    <color name="md_theme_light_error">#BA1A1A</color>
    <color name="md_theme_light_errorContainer">#FFDAD6</color>
    <color name="md_theme_light_onError">#FFFFFF</color>
    <color name="md_theme_light_onErrorContainer">#410002</color>
    <color name="md_theme_light_background">#FFFBFF</color>
    <color name="md_theme_light_onBackground">#1F1A1D</color>
    <color name="md_theme_light_surface">#FFFBFF</color>
    <color name="md_theme_light_onSurface">#1F1A1D</color>
    <color name="md_theme_light_surfaceVariant">#EFDEE6</color>
    <color name="md_theme_light_onSurfaceVariant">#4F444A</color>
    <color name="md_theme_light_outline">#81737A</color>
    <color name="md_theme_light_inverseOnSurface">#F8EEF1</color>
    <color name="md_theme_light_inverseSurface">#342F32</color>
    <color name="md_theme_light_inversePrimary">#FFADE5</color>
    <color name="md_theme_light_shadow">#000000</color>
    <color name="md_theme_light_surfaceTint">#943D80</color>
    <color name="md_theme_light_outlineVariant">#D2C2CA</color>
    <color name="md_theme_light_scrim">#000000</color>
    <color name="md_theme_dark_primary">#FFADE5</color>
    <color name="md_theme_dark_onPrimary">#5C084E</color>
    <color name="md_theme_dark_primaryContainer">#782567</color>
    <color name="md_theme_dark_onPrimaryContainer">#FFD7EF</color>
    <color name="md_theme_dark_secondary">#DDBED0</color>
    <color name="md_theme_dark_onSecondary">#3E2A38</color>
    <color name="md_theme_dark_secondaryContainer">#56404E</color>
    <color name="md_theme_dark_onSecondaryContainer">#FADAEC</color>
    <color name="md_theme_dark_tertiary">#F5B9A1</color>
    <color name="md_theme_dark_onTertiary">#4B2716</color>
    <color name="md_theme_dark_tertiaryContainer">#663C2B</color>
    <color name="md_theme_dark_onTertiaryContainer">#FFDBCD</color>
    <color name="md_theme_dark_error">#FFB4AB</color>
    <color name="md_theme_dark_errorContainer">#93000A</color>
    <color name="md_theme_dark_onError">#690005</color>
    <color name="md_theme_dark_onErrorContainer">#FFDAD6</color>
    <color name="md_theme_dark_background">#1F1A1D</color>
    <color name="md_theme_dark_onBackground">#EAE0E3</color>
    <color name="md_theme_dark_surface">#1F1A1D</color>
    <color name="md_theme_dark_onSurface">#EAE0E3</color>
    <color name="md_theme_dark_surfaceVariant">#4F444A</color>
    <color name="md_theme_dark_onSurfaceVariant">#D2C2CA</color>
    <color name="md_theme_dark_outline">#9B8D94</color>
    <color name="md_theme_dark_inverseOnSurface">#1F1A1D</color>
    <color name="md_theme_dark_inverseSurface">#EAE0E3</color>
    <color name="md_theme_dark_inversePrimary">#943D80</color>
    <color name="md_theme_dark_shadow">#000000</color>
    <color name="md_theme_dark_surfaceTint">#FFADE5</color>
    <color name="md_theme_dark_outlineVariant">#4F444A</color>
    <color name="md_theme_dark_scrim">#000000</color>
</resources>
